scenario,year,gap_ratio,gap_severity,demand_index,capacity_index,cagr_differential
conservative,2025,1.1160714285714284,Balanced (<1.5x),125.0,112.00000000000001,0.13
conservative,2027,1.390195796510568,Balanced (<1.5x),195.3125,140.49280000000005,0.13
conservative,2030,1.932644352635653,Watch (1.5x-2x),381.4697265625,197.3822685184001,0.13
base,2025,1.1842105263157894,Balanced (<1.5x),135.0,114.00000000000001,0.20999999999999996
base,2027,1.6606830441755358,Watch (1.5x-2x),246.03750000000005,148.15440000000004,0.20999999999999996
base,2030,2.7578681732121235,Concerning (2x-3x),605.3445140625003,219.49726239360018,0.20999999999999996
aggressive,2025,1.2500000000000002,Balanced (<1.5x),145.0,115.99999999999999,0.29000000000000004
aggressive,2027,1.9531250000000004,Watch (1.5x-2x),304.8625,156.08959999999996,0.29000000000000004
aggressive,2030,2.5652640916713496,Concerning (2x-3x),625.0,243.63963228159992,0.29000000000000004
